ts_code,company_name,year,debt_to_assets,current_ratio,roe,roa,assets_turn,grossprofit_margin,netprofit_margin,profit_to_gr,interest_coverage_w,high_credit_risk,credit_risk_score
000002.SZ,万科Ａ,2020,81.2835,1.1745,20.1254,4.6541,0.2329,29.2454,14.1485,14.1485,6.8985,0,0.5472931392931393
000002.SZ,万科Ａ,2021,79.7398,1.2202,9.7832,2.9552,0.2378,21.8245,8.4076,8.4076,5.2375,0,0.5633243243243243
000002.SZ,万科Ａ,2022,76.9515,1.3132,9.4508,2.9602,0.2727,19.5537,7.453,7.453,5.7877,0,0.5277629937629937
000002.SZ,万科Ａ,2023,73.2243,1.3997,4.9294,1.9955,0.2856,15.235,4.3921,4.3921,2.6761,0,0.5548565488565488
000002.SZ,万科Ａ,2024,73.6558,1.276,-21.823,-2.9938,0.2459,10.1731,-14.1921,-14.1921,-3.2035,1,0.7949854469854469
000006.SZ,深振业Ａ,2020,49.2185,2.8321,12.2644,7.8913,0.1882,46.592,30.7657,30.7657,8.6836,0,0.17545114345114343
000006.SZ,深振业Ａ,2021,65.322,2.1175,7.2177,4.8396,0.1582,43.4295,17.9206,17.9206,4.9302,0,0.31942619542619544
000006.SZ,深振业Ａ,2022,67.9176,2.0251,5.3979,3.7231,0.148,38.632,12.1099,12.1099,4.6982,0,0.36935550935550937
000006.SZ,深振业Ａ,2023,71.2887,1.735,-10.7927,-1.3205,0.1074,39.1101,-32.0827,-32.0827,-1.8457,1,0.6735488565488565
000006.SZ,深振业Ａ,2024,66.9658,2.0104,-25.3454,-7.3544,0.2811,8.0094,-28.8782,-28.8782,-11.2389,1,0.6457463617463617
000014.SZ,沙河股份,2020,60.8096,1.69,0.49,1.126,0.1574,37.8775,2.635,2.635,1.0883,1,0.5356403326403327
000014.SZ,沙河股份,2021,60.8645,1.5786,3.8877,2.6506,0.2581,36.8881,7.6339,7.6339,3.6343,0,0.4109480249480249
000014.SZ,沙河股份,2022,59.228,1.5274,23.260623999999996,12.0208,0.2762,40.7231,32.4837,32.4837,18.1168,0,0.25190644490644487
000014.SZ,沙河股份,2023,31.9088,2.7961,23.260623999999996,12.028704,0.5049,66.5905,37.7471,37.7471,79.51361199999998,0,0.04824324324324325
000029.SZ,深深房Ａ,2022,24.6623,3.7212,3.8708,3.5425,0.1069,31.1061,23.5783,23.5783,12.8379,0,0.12581912681912683
000031.SZ,大悦城,2020,77.1622,1.5237,-2.0488,2.3284,0.2007,31.4435,2.9203,2.9203,3.3413,0,0.6266881496881496
000031.SZ,大悦城,2021,75.5127,1.5253,0.5782,2.0933,0.2066,27.4365,1.8009,1.8009,3.0896,0,0.6016403326403326
000031.SZ,大悦城,2022,77.8465,1.522,-16.8383,0.6447,0.1853,24.0589,-5.6158,-5.6158,0.7614,1,0.7623014553014552
000031.SZ,大悦城,2023,76.7269,1.5136,-10.0215,2.5431,0.1783,26.4691,0.3299,0.3299,2.446,0,0.6667900207900208
000031.SZ,大悦城,2024,76.73,1.5376,-24.3614,1.0461,0.1901,21.7633,-7.1508,-7.1508,0.9324,1,0.7401871101871101
000036.SZ,华联控股,2022,32.2254,2.9992,8.4812,8.6782,0.2491,51.8517,25.5655,25.5655,28.822,0,0.09540124740124742
000036.SZ,华联控股,2024,24.505208,3.896775999999999,0.7779,1.1133,0.0531,48.5833,11.901,11.901,17.9992,0,0.13969854469854465
000042.SZ,中洲控股,2020,81.5569,1.8017,3.6468,2.3873,0.2388,27.2498,1.4954,1.4954,0.8456,1,0.6762889812889813
000042.SZ,中洲控股,2021,80.1428,1.9358,2.587,1.1964,0.202,29.542,0.753,0.753,0.4919,1,0.673018711018711
000042.SZ,中洲控股,2022,77.605,1.7238,0.9865,2.3786,0.1813,35.8012,0.1271,0.1271,0.8786,1,0.6857941787941788
000042.SZ,中洲控股,2023,81.9805,1.7574,-26.658,-3.2629,0.2254,34.2317,-27.7659,-27.7659,-1.2641,1,0.7931455301455301
000042.SZ,中洲控股,2024,89.9756,1.3768,-44.9288,-5.1155,0.1404,35.812,-57.9514,-57.9514,-2.0432,1,0.9047193347193347
000069.SZ,华侨城Ａ,2020,75.826,1.6177,17.255,5.7279,0.1958,49.8642,19.2052,19.2052,11.6769,0,0.4016049896049895
000069.SZ,华侨城Ａ,2021,74.8394,1.5962,4.7608,2.7339,0.219,26.1453,6.9717,6.9717,5.5355,0,0.4826049896049896
000069.SZ,华侨城Ａ,2022,74.3891,1.6247,-14.5344,-1.6538,0.1759,22.8359,-16.631,-16.631,-2.7079,1,0.7420582120582121
000069.SZ,华侨城Ａ,2023,76.8119,1.6134,-9.9262,-0.7566,0.1459,18.9713,-15.1317,-15.1317,-1.007,1,0.752966735966736
000069.SZ,华侨城Ａ,2024,76.4252,1.4468,-15.0463,-1.0232,0.1565,13.0548,-17.8668,-17.8668,-0.9824,1,0.7775841995841996
000402.SZ,金融街,2020,76.4757,2.2431,7.0275,1.1988,0.1094,32.8601,12.2423,12.2423,1.5972,0,0.524929313929314
000402.SZ,金融街,2021,74.15,2.2526,4.4692,2.3991,0.1446,21.4471,6.5459,6.5459,1.1526,1,0.5337713097713097
000402.SZ,金融街,2022,72.2819,2.4451,2.2554,1.5466,0.129,15.6431,3.1575,3.1575,0.8142,1,0.5458607068607069
000402.SZ,金融街,2023,72.1483,3.1781,-5.2678,-0.5689,0.0845,7.3416,-17.1559,-17.1559,-0.3135,1,0.5857401247401247
000402.SZ,金融街,2024,77.308,3.0431,-36.447,-6.9234,0.1434,3.70658,-60.5828,-60.5828,-3.6247,1,0.7075966735966734
000514.SZ,渝开发,2020,49.8147,1.994,4.0293,2.7158,0.0882,40.5777,21.6635,21.6635,5.0852,0,0.29154469854469856
000514.SZ,渝开发,2021,52.1048,2.1066,4.7099,3.6025,0.1481,39.4161,17.0459,17.0459,6.2658,0,0.270016632016632
000514.SZ,渝开发,2022,43.59,2.244,4.5394,3.136,0.1137,34.8502,17.4977,17.4977,5.4658,0,0.24123076923076925
000514.SZ,渝开发,2023,46.197,2.1009,2.8543,2.2114,0.1724,36.6062,7.0969,7.0969,4.4437,0,0.30234927234927234
000514.SZ,渝开发,2024,44.1274,2.1531,-3.0862,-1.5034,0.0491,22.9005,-33.2452,-33.2452,-2.288,1,0.5032993762993763
000517.SZ,荣安地产,2020,84.4589,1.3927,23.260623999999996,4.3263,0.2074,26.5941,15.9042,15.9042,51.6525,0,0.4697505197505197
000517.SZ,荣安地产,2021,82.2551,1.3418,12.5268,2.3758,0.2405,18.3436,6.3767,6.3767,12.246,0,0.521043659043659
000517.SZ,荣安地产,2022,85.2899,1.2655,6.8889,1.713,0.1806,19.9804,5.8008,5.8008,16.0755,0,0.5567463617463617
000517.SZ,荣安地产,2023,80.0083,1.2875,4.028,1.601,0.3672,10.329,1.5522,1.5522,15.3223,0,0.5384573804573805
000517.SZ,荣安地产,2024,65.9869,1.6234,-24.0639,-4.2417,0.5499639999999999,3.9095,-7.7083,-7.7083,-13.2128,1,0.6809708939708939
000573.SZ,粤宏远Ａ,2020,49.3365,1.4532,-7.0431,-2.9805,0.2734,24.0612,-14.5715,-14.5715,-2.2204,1,0.60791683991684
000573.SZ,粤宏远Ａ,2021,33.2344,1.7925,8.6477,7.7479,0.4314,34.5126,11.24,11.24,6.7687,0,0.22578378378378378
000573.SZ,粤宏远Ａ,2022,35.7661,1.7811,2.4939,2.0198,0.3738,9.7904,3.6172,3.6172,3.3727,0,0.3300893970893971
000573.SZ,粤宏远Ａ,2023,28.8792,3.0106,3.9745,2.9971,0.1432,14.155,17.4638,17.4638,5.9422,0,0.18008316008316005
000573.SZ,粤宏远Ａ,2024,28.5153,3.7733,-2.9315,-1.6117,0.2136,8.7616,-9.6261,-9.6261,-3.573,1,0.42748440748440747
000620.SZ,盈新发展,2020,83.4508,0.9407,-17.6907,0.5566,0.1369,24.7076,-17.3199,-17.3199,0.226,1,0.8843243243243244
000620.SZ,盈新发展,2021,89.9396,0.7994,-84.0183,-3.901,0.1839,18.6094,-44.3797,-44.3797,-1.1893,1,0.9452182952182953
000620.SZ,盈新发展,2022,95.101728,0.685184,-127.365696,-2.8369,0.1275,20.7073,-64.7415,-64.7415,-0.5895,1,0.9505135135135135
000620.SZ,盈新发展,2023,59.5053,1.3933,15.1834,9.7758,0.1433,8.9939,3.5427,3.5427,1.1921,1,0.47879417879417874
000620.SZ,盈新发展,2024,56.2855,1.4173,-10.3881,-2.7185,0.2255,25.3937,-21.997,-21.997,-2.9847,1,0.6437920997920998
000718.SZ,苏宁环球,2020,45.5319,1.9854,12.4828,9.4318,0.2526,61.9723,23.627,23.627,14.2196,0,0.18674428274428273
000718.SZ,苏宁环球,2021,41.1897,2.4802,7.165,6.3637,0.1904,58.2725,20.1163,20.1163,9.7387,0,0.17934927234927234
000718.SZ,苏宁环球,2022,36.4664,2.4211,3.9059,3.4323,0.1452,62.4967,16.1769,16.1769,4.0712,0,0.2518295218295218
000718.SZ,苏宁环球,2023,35.2868,2.5956,1.9278,2.4468,0.1394,59.6035,8.3961,8.3961,3.6194,0,0.27268191268191266
000718.SZ,苏宁环球,2024,32.644,2.8616,1.7571,1.6651,0.1448,46.1036,7.8128,7.8128,3.4519,0,0.26254469854469853
000797.SZ,中国武夷,2020,74.763,1.651,5.2344,3.4906,0.2668,37.6247,8.425,8.425,10.4521,0,0.43538669438669436
000797.SZ,中国武夷,2021,73.5968,1.5707,1.0208,2.1431,0.3886,18.0893,1.7799,1.7799,4.9988,0,0.5175800415800416
000797.SZ,中国武夷,2022,75.1196,1.571,0.5913,2.6143,0.3314,24.2994,2.0223,2.0223,3.1158,0,0.5849064449064448
000797.SZ,中国武夷,2023,74.9482,1.6085,0.7652,4.3359,0.4136,37.4212,4.6408,4.6408,3.7504,0,0.5581787941787942
000797.SZ,中国武夷,2024,74.7682,1.6815,0.488,2.7792,0.2888,24.5579,2.6918,2.6918,4.7171,0,0.533049896049896
000863.SZ,三湘印象,2020,51.6123,1.959,5.5673,3.2744,0.4348,14.9477,4.2661,4.2661,4.9085,0,0.29061954261954265
000863.SZ,三湘印象,2021,40.3229,2.7518,2.3957,2.3435,0.359,18.7579,0.916,0.916,3.2975,0,0.2812141372141372
000863.SZ,三湘印象,2022,40.4741,2.4479,0.6637,1.7622,0.1925,47.4498,0.4547,0.4547,5.4636,0,0.27174844074844073
000863.SZ,三湘印象,2023,41.9219,2.0354,0.0276,-0.1587,0.1586,48.7198,-3.8241,-3.8241,-0.7994,1,0.48413929313929316
000863.SZ,三湘印象,2024,33.9289,2.6667,0.4303,1.0093,0.184,49.7987,-3.2351,-3.2351,3.8127,0,0.28835966735966734
000926.SZ,福星股份,2020,76.5836,1.3538,2.7524,1.6189,0.1449,20.7838,3.8775,3.8775,0.5349,1,0.7194158004158004
000926.SZ,福星股份,2021,74.4215,1.3872,1.5328,1.8818,0.2484,19.4359,2.8409,2.8409,0.8463,1,0.6907713097713097
000926.SZ,福星股份,2022,67.6982,1.5189,0.9347,2.0837,0.3488,20.6388,0.9337,0.9337,0.9458,1,0.6050977130977131
000926.SZ,福星股份,2023,64.6082,1.4974,0.5852,1.5165,0.1465,25.8294,1.8753,1.8753,0.8975,1,0.595006237006237
000926.SZ,福星股份,2024,63.2595,1.7152,-24.1624,-6.9809,0.2693,15.3526,-30.3079,-30.3079,-7.2772,1,0.6504095634095635
000965.SZ,天保基建,2020,45.8349,2.0624,1.7828,2.5526,0.086,59.7733,11.6316,11.6316,2.6074,0,0.35764864864864865
000965.SZ,天保基建,2021,57.7044,1.6391,0.9162,3.186,0.2228,51.2541,1.9499,1.9499,2.0832,0,0.47788565488565493
000965.SZ,天保基建,2022,57.4183,1.6761,0.4285,1.9233,0.1921,31.1449,0.9503,0.9503,1.2607,1,0.513954261954262
000965.SZ,天保基建,2023,51.2779,2.0028,0.3678,1.3882,0.2328,15.2591,0.9305,0.9305,1.3065,1,0.4560956340956341
000965.SZ,天保基建,2024,55.1614,2.0641,0.3095,1.4634,0.1798,21.483,0.2838,0.2838,1.5998,0,0.4445467775467775
001979.SZ,招商蛇口,2020,65.6305,1.5397,12.4892,3.8847,0.1913,28.6881,13.0483,13.0483,3.2433,0,0.4071143451143451
001979.SZ,招商蛇口,2021,67.6765,1.5256,9.8764,3.1037,0.2016,25.4725,9.463,9.463,3.0433,0,0.437022869022869
001979.SZ,招商蛇口,2022,67.9132,1.5456,4.0536,1.9551,0.21,19.2501,4.9718,4.9718,2.1115,0,0.5129085239085239
001979.SZ,招商蛇口,2023,67.3431,1.5585,5.7077,1.6116,0.195,15.8868,5.2033,5.2033,2.2257,0,0.4917609147609148
001979.SZ,招商蛇口,2024,66.6696,1.5898,3.5007,1.2075,0.2023,14.6053,2.3409,2.3409,1.6377,0,0.5131517671517671
002133.SZ,广宇集团,2020,73.3271,1.5965,8.3642,3.1394,0.3647,15.198,6.2647,6.2592,14.0024,0,0.39642827442827444
002133.SZ,广宇集团,2021,76.039,1.5325,8.6494,2.6586,0.416,9.5899,5.0557,5.0518,18.2595,0,0.42341580041580035
002133.SZ,广宇集团,2022,77.4053,1.4604,2.8657,1.0791,0.3025,6.8732,1.9236,1.922,3.8046,0,0.5891476091476092
002133.SZ,广宇集团,2023,66.9897,1.5351,0.9567,1.8328,0.5413,8.5753,1.5131,1.5123,4.8996,0,0.4653264033264033
002133.SZ,广宇集团,2024,68.6987,1.4753,-29.3534,-7.553444,0.387,3.70658,-26.2884,-26.2598,-11.2514,1,0.7336964656964657
002146.SZ,荣盛发展,2020,82.0653,1.4199,17.1998,4.217,0.2633,27.8177,10.8709,10.8709,14.769,0,0.4828939708939709
002146.SZ,荣盛发展,2021,84.4871,1.2433,-11.4998,-0.8666,0.1625,19.5442,-10.5891,-10.5891,-1.5047,1,0.8790228690228689
002146.SZ,荣盛发展,2022,89.9636,1.1097,-51.6833,-5.8047,0.1172,3.70658,-57.9882,-57.9882,-7.5893,1,0.9617380457380458
002146.SZ,荣盛发展,2023,87.1909,1.2123,1.643,2.0737,0.2589,17.8633,2.606,2.606,2.3782,0,0.7425987525987525
002146.SZ,荣盛发展,2024,89.2889,1.1149,-43.9249,-2.8564,0.2068,9.0593,-20.9876,-20.9876,-2.3382,1,0.9382765072765074
002208.SZ,合肥城建,2020,67.8428,1.6007,20.4163,7.7418,0.3108,34.7843,16.7954,16.7954,8.4021,0,0.3316216216216216
002208.SZ,合肥城建,2021,68.4801,1.6401,15.2178,5.9575,0.3667,28.2703,11.9119,11.9119,11.984,0,0.3181829521829522
002208.SZ,合肥城建,2022,71.8788,1.9172,5.318,2.3882,0.1438,26.6668,10.0186,10.0186,5.056,0,0.40814345114345113
002208.SZ,合肥城建,2023,71.3786,1.8031,3.3739,1.8962,0.223,19.2112,5.0407,5.0407,12.776,0,0.37863409563409567
002208.SZ,合肥城建,2024,74.8154,1.6139,-0.8663,1.2413,0.2022,15.6613,1.2432,1.2432,2.6898,0,0.595960498960499
002244.SZ,滨江集团,2020,83.6963,1.397,13.3249,3.7369,0.1896,27.0439,12.4062,12.4062,6.6398,0,0.5468419958419959
002244.SZ,滨江集团,2021,82.3418,1.3396,15.5452,3.8725,0.1979,24.8308,12.9577,12.9577,10.723,0,0.5223243243243243
002244.SZ,滨江集团,2022,80.9119,1.3626,16.9607,2.5776,0.1701,17.4763,9.4057,9.4057,6.4324,0,0.5309854469854469
002244.SZ,滨江集团,2023,79.8454,1.2738,10.3575,1.9565,0.2488,16.758,4.0483,4.0483,11.0046,0,0.5155904365904366
002244.SZ,滨江集团,2024,80.1019,1.2639,9.6376,2.3191,0.2519,12.5384,5.4824,5.4824,14.7081,0,0.508952182952183
002314.SZ,南山控股,2020,77.2606,1.5663,14.5349,6.1643,0.2357,28.3957,14.9273,14.9273,2.6915,0,0.5344968814968816
002314.SZ,南山控股,2021,75.3023,1.2355,10.2467,2.7578,0.181,20.9503,8.3792,8.3792,1.3102,1,0.6300374220374221
002314.SZ,南山控股,2022,73.7155,1.2219,6.8773,2.4164,0.1729,19.2804,6.4318,6.4318,1.2363,1,0.641881496881497
002314.SZ,南山控股,2023,75.6533,1.1522,1.4348,1.8448,0.1696,22.6637,4.8899,4.8899,1.0701,1,0.7245363825363825
002314.SZ,南山控股,2024,76.9444,1.1718,-18.5497,-0.4751,0.1176,20.2954,-18.14,-18.14,-0.2902,1,0.818060291060291
600007.SH,中国国贸,2020,33.6997,1.6662,10.5936,9.9753,0.2593,53.5206,26.6686,26.6686,13.761,0,0.20005405405405405
600007.SH,中国国贸,2021,32.1307,1.7817,12.3,11.6741,0.289,55.7056,28.5725,28.5725,17.6619,0,0.15778378378378377
600007.SH,中国国贸,2022,28.6757,2.5198,12.5524,12.028704,0.2694,56.5314,32.4452,32.4452,35.3936,0,0.07519958419958418
600007.SH,中国国贸,2023,24.6651,2.1535,13.3633,12.028704,0.3076,58.0128,31.871,31.871,43.6031,0,0.0834885654885655
600007.SH,中国国贸,2024,24.505208,2.7677,13.0458,12.028704,0.3104,58.1435,32.2981,32.2981,79.51361199999998,0,0.04792723492723492
600048.SH,保利发展,2020,78.6924,1.5114,17.2182,4.8992,0.2129,32.5568,16.4743,16.4667,16.3399,0,0.4398773388773389
600048.SH,保利发展,2021,78.3622,1.5233,14.5761,4.012,0.215,26.779,13.052,13.0478,16.8817,0,0.43884199584199585
600048.SH,保利发展,2022,78.0891,1.5439,9.3648,2.6187,0.1959,21.9876,9.6119,9.6088,16.4601,0,0.4499002079002079
600048.SH,保利发展,2023,76.5451,1.5589,6.1129,1.9571,0.2386,16.008,5.1608,5.1599,7.4389,0,0.48502079002079
600048.SH,保利发展,2024,74.3444,1.6151,2.525,1.4125,0.2249,13.9272,3.1245,3.1245,4.8989,0,0.5028711018711018
600064.SH,南京高科,2020,56.7446,1.1033,16.0803,8.1304,0.0948,39.8976,54.27930399999996,54.20573599999996,18.2958,0,0.3092494802494803
600064.SH,南京高科,2021,51.6291,1.0929,16.6075,8.7797,0.1503,22.7836,48.8405,48.6832,14.2218,0,0.3098752598752599
600064.SH,南京高科,2022,52.7958,1.0765,15.1884,8.0309,0.1275,18.5882,54.27930399999996,54.20573599999996,16.0161,0,0.31577754677754677
600064.SH,南京高科,2023,50.2353,1.1558,9.15,4.2577,0.1267,12.3272,31.3667,31.3234,7.2264,0,0.35495218295218295
600064.SH,南京高科,2024,47.9732,1.1694,9.4935,4.5366,0.0523,21.8811,54.27930399999996,54.20573599999996,8.226,0,0.3393014553014553
600094.SH,大名城,2020,62.6782,1.913,3.4406,3.2759,0.3719,17.7841,3.5247,3.5247,2.3588,0,0.4271247401247401
600094.SH,大名城,2021,67.1509,1.6914,-3.2057,-0.1698,0.197,17.6817,-4.2944,-4.2944,-0.2805,1,0.6164615384615384
600094.SH,大名城,2022,63.2949,1.4639,1.3729,1.2805,0.1974,17.7244,2.6077,2.6077,3.3083,0,0.4796382536382536
600094.SH,大名城,2023,48.9397,1.7716,1.7919,2.8037,0.3901,15.9098,1.9368,1.9368,10.1966,0,0.2977962577962578
600094.SH,大名城,2024,43.523,1.9647,-20.6229,-7.553444,0.19,15.9811,-57.1319,-57.1319,-14.0041,1,0.5583804573804574
600113.SH,浙江东日,2020,24.505208,1.7487,2.0284,2.684,0.2616,41.4943,5.1548,5.1548,79.51361199999998,0,0.18344490644490646
600159.SH,大龙地产,2020,43.7671,2.0956,4.4138,3.2586,0.2233,33.0946,10.4413,10.4413,22.4716,0,0.19033264033264033
600162.SH,香江控股,2020,77.8583,1.219,5.2889,3.6135,0.2039,43.0673,5.2855,5.2855,2.3288,0,0.6619646569646569
600162.SH,香江控股,2021,74.3454,1.2659,2.9782,2.9155,0.2064,37.2597,1.1015,1.1015,1.3652,1,0.6627629937629937
600162.SH,香江控股,2022,72.2597,1.351,3.4954,2.4645,0.2242,31.9045,1.394,1.394,1.6156,0,0.61002079002079
600162.SH,香江控股,2023,68.6331,1.2356,1.0723,2.162,0.1482,36.5969,-1.4649,-1.4649,1.3002,1,0.6310727650727651
600162.SH,香江控股,2024,65.9506,1.2939,1.0116,1.3044,0.2035,29.1673,-3.0407,-3.0407,0.9973,1,0.6174407484407484
600173.SH,卧龙新能,2024,35.8178,2.1797,1.0825,1.9874,0.5499639999999999,14.9252,1.2241,1.2241,26.2207,0,0.20024324324324327
600208.SH,衢州发展,2020,71.6046,1.3358,8.7572,4.4761,0.0986,29.5954,23.8614,23.8614,2.4797,0,0.5312723492723492
600208.SH,衢州发展,2021,69.2353,1.2287,5.7444,3.6593,0.126,22.2041,13.5226,13.5226,2.3864,0,0.5432972972972973
600208.SH,衢州发展,2022,66.2886,1.1467,4.576,2.9346,0.1004,26.8088,13.7799,13.7799,2.3183,0,0.5496216216216216
600208.SH,衢州发展,2023,60.5955,1.1688,3.8893,4.4225,0.1462,38.3278,12.8982,12.8982,2.8546,0,0.49071517671517667
600208.SH,衢州发展,2024,56.2552,0.9659,2.4004,4.4961,0.1586,36.8914,12.1749,12.1749,2.9794,0,0.4997027027027027
600246.SH,万通发展,2020,34.3428,3.6364,0.6853,2.2525,0.1127,46.8781,5.5594,5.5594,2.3516,0,0.31775467775467775
600246.SH,万通发展,2021,31.7831,3.896775999999999,2.6118,2.7749,0.0725,35.1627,22.1447,22.1447,3.7298,0,0.22516008316008318
600246.SH,万通发展,2022,32.8861,2.7485,-4.9554,-3.0859,0.0414,39.0551,-80.775596,-80.775596,-3.8594,1,0.46701039501039504
600246.SH,万通发展,2023,32.029,2.9813,-6.6953,-3.2588,0.0531,30.9046,-79.3889,-79.3889,-4.3411,1,0.4575051975051975
600246.SH,万通发展,2024,30.6292,3.2951,-8.4565,-4.5412,0.0593,35.2559,-80.775596,-80.775596,-5.5038,1,0.4505904365904366
600266.SH,城建发展,2020,78.7015,2.4703,4.8186,2.0039,0.1094,33.1592,7.9379,7.9379,2.4457,0,0.5162266112266112
600266.SH,城建发展,2021,79.4555,2.0865,2.4969,1.3565,0.1787,22.2551,3.8349,3.8349,4.4296,0,0.5177318087318087
600266.SH,城建发展,2022,80.1976,2.0382,-3.7177,-0.2417,0.1767,13.7335,-3.5992,-3.5992,-0.8307,1,0.7254677754677754
600266.SH,城建发展,2023,80.8003,1.6649,2.3374,0.6418,0.1469,20.3902,0.4471,0.4471,2.7638,0,0.6168399168399168
600266.SH,城建发展,2024,80.021,1.6509,-4.1488,-0.7196,0.1952,15.8314,-7.3747,-7.3747,-2.4707,1,0.7841538461538461
600322.SH,津投城开,2020,88.6858,1.3751,-74.0937,-7.553444,0.1135,15.8412,-80.775596,-80.775596,-20.287831999999998,1,0.9288295218295217
600322.SH,津投城开,2021,94.4327,1.2223,-127.365696,-6.5576,0.2229,19.2324,-37.5457,-37.5457,-7.7097,1,0.9518503118503119
600322.SH,津投城开,2022,95.101728,1.0969,-86.5236,2.6026,0.1895,7.5262,-8.0981,-8.0981,0.6491,1,0.9117151767151767
600322.SH,津投城开,2023,95.101728,1.2471,17.7299,3.6651,0.1898,5.5368,-0.4962,-0.4962,1.0203,1,0.7318108108108108
600322.SH,津投城开,2024,95.101728,1.4273,-127.365696,2.4949,0.1865,19.1244,-8.5162,-8.5162,0.6252,1,0.8676153846153847
600325.SH,华发股份,2020,80.318,1.8777,14.257,2.3406,0.1835,24.3025,8.9398,8.9398,25.6366,0,0.39278794178794185
600325.SH,华发股份,2021,72.9927,2.0463,15.2962,2.09,0.1514,25.8002,9.1268,9.1268,28.9295,0,0.29015384615384615
600325.SH,华发股份,2022,72.8205,2.0193,12.7107,1.6963,0.1562,20.1844,7.9847,7.9847,44.6623,0,0.29337629937629933
600325.SH,华发股份,2023,70.8435,1.9476,8.7685,1.4407,0.1689,18.136,4.8028,4.8028,21.854,0,0.29909355509355506
600325.SH,华发股份,2024,70.2618,1.9945,4.5386,0.576,0.1376,14.3154,2.3412,2.3412,4.5715,0,0.4012016632016632
600376.SH,首开股份,2020,80.4248,1.9056,10.2795,2.8151,0.1401,27.9614,9.4611,9.4611,1.2689,1,0.5942474012474013
600376.SH,首开股份,2021,78.7905,2.0564,0.8476,1.999,0.2113,19.8137,2.459,2.459,1.0044,1,0.6539501039501039
600376.SH,首开股份,2022,75.9134,2.171,-1.5775,1.5438,0.1619,16.6171,1.9177,1.9177,0.8073,1,0.636108108108108
600376.SH,首开股份,2023,76.3629,2.3748,-25.5891,-0.7533,0.1797,11.4898,-12.4331,-12.4331,-0.3858,1,0.6753118503118503
600376.SH,首开股份,2024,77.7863,2.311,-46.1253,-2.4422,0.1002,4.7958,-38.9019,-38.9019,-1.9074,1,0.7194719334719334
600383.SH,金地集团,2020,76.5859,1.4086,18.6387,5.277,0.2281,32.8579,18.2181,18.1475,8.939,0,0.45808731808731806
600383.SH,金地集团,2021,76.1874,1.4147,15.6227,3.7808,0.2296,21.1794,13.0905,13.0513,4.9824,0,0.4879625779625779
600383.SH,金地集团,2022,72.2791,1.4196,9.527,3.1009,0.2725,20.6572,7.6364,7.6255,4.193,0,0.47671725571725565
600383.SH,金地集团,2023,68.7303,1.3701,1.3633,1.7665,0.2474,17.4064,3.2601,3.2562,2.3405,0,0.5732494802494803
600383.SH,金地集团,2024,64.7937,1.3985,-9.8551,-1.5307,0.2257,14.947,-10.3889,-10.3787,-1.7218,1,0.6721081081081082
600463.SH,空港股份,2020,59.3349,1.213,0.7247,1.263,0.3731,10.2188,0.4158,0.4158,1.2196,1,0.5920602910602911
600463.SH,空港股份,2021,57.3429,1.135,-2.0439,-0.7578,0.3326,12.5242,-5.0707,-5.0707,-1.0694,1,0.6510519750519751
600463.SH,空港股份,2022,53.6001,1.2452,-2.6509,-0.1412,0.2386,20.6335,-8.1737,-8.1737,-0.1236,1,0.6136694386694387
600463.SH,空港股份,2023,54.1434,1.3505,-8.7873,-3.5956,0.2065,11.589,-24.5573,-24.5573,-2.6146,1,0.6441309771309771
600463.SH,空港股份,2024,58.218,1.2677,-9.2553,-3.4976,0.1991,18.5381,-24.6695,-24.6695,-2.4653,1,0.6648523908523908
600503.SH,华丽家族,2020,33.2996,1.7581,3.8738,3.7802,0.1765,49.7736,11.5718,11.5718,5.9463,0,0.2694303534303534
600503.SH,华丽家族,2021,26.9965,1.7582,2.567,2.8396,0.098,50.3559,16.7591,16.7591,4.5004,0,0.28158419958419956
600503.SH,华丽家族,2022,24.505208,3.0549,2.0601,1.6688,0.0426,42.7636,33.0516,33.0516,8.8807,0,0.16603742203742206
600510.SH,黑牡丹,2022,65.3866,1.7326,6.3213,3.6448,0.3482,18.9672,7.3297,7.3297,79.51361199999998,0,0.2782203742203742
600533.SH,栖霞建设,2020,80.792,1.6471,8.0447,2.6978,0.1548,31.545,9.61,9.5794,3.4525,0,0.5552702702702702
600533.SH,栖霞建设,2021,80.4999,1.5723,8.5964,2.7523,0.1412,34.067,11.1407,11.1114,3.7443,0,0.5554532224532225
600533.SH,栖霞建设,2022,79.6134,1.8357,4.2324,1.7201,0.3013,17.8001,2.9103,2.9091,4.8189,0,0.5136590436590436
600533.SH,栖霞建设,2023,82.1128,1.755,-3.113,0.0635,0.2024,15.386,-1.9541,-1.9532,0.0298,1,0.7574760914760914
600533.SH,栖霞建设,2024,85.4515,1.732,-25.3578,-4.6599,0.0888,19.9263,-46.8073,-46.795,-2.4611,1,0.8266320166320166
600603.SH,广汇物流,2020,58.6446,1.3657,12.5209,7.0454,0.264,47.0663,19.4143,19.4143,33.3036,0,0.28233887733887736
600603.SH,广汇物流,2021,59.5281,1.1378,9.4371,4.8699,0.2065,44.1985,17.7003,17.7003,40.1047,0,0.32589812889812886
600603.SH,广汇物流,2022,70.4681,0.8122,9.8098,5.3344,0.2741,29.51,12.1582,12.1582,5.3071,0,0.4884823284823285
600603.SH,广汇物流,2023,69.5337,0.6902,9.9012,5.3491,0.2093,36.1915,12.9261,12.9261,3.3038,0,0.5213721413721414
600603.SH,广汇物流,2024,65.678,0.685184,7.5518,4.7081,0.165,41.5594,14.145,14.145,2.5373,0,0.5277151767151766
600604.SH,市北高新,2020,56.1559,1.6988,2.7594,2.8233,0.0644,52.2942,15.1298,15.1298,1.8239,0,0.4419604989604989
600604.SH,市北高新,2021,60.0726,1.7666,1.7691,2.7516,0.0553,49.8499,11.6337,11.6337,1.6034,0,0.4717546777546777
600604.SH,市北高新,2022,61.4317,1.4397,1.1926,2.1365,0.0584,47.0898,7.8088,7.8088,1.4958,1,0.5472245322245322
600604.SH,市北高新,2023,62.4273,1.483,-2.7362,0.5773,0.0463,31.275,-15.7376,-15.7376,0.5002,1,0.6107442827442827
600604.SH,市北高新,2024,59.6708,1.6463,0.4764,2.0801,0.1204,27.3565,3.6942,3.6942,1.5152,0,0.5151081081081081
600606.SH,绿地控股,2020,88.8879,1.1988,18.326,2.8175,0.3587,14.4117,4.6375,4.6344,6.9769,0,0.5839604989604988
600606.SH,绿地控股,2021,88.8447,1.1175,7.0719,1.6651,0.3801,11.6746,1.7349,1.7334,4.023,0,0.6696216216216216
600606.SH,绿地控股,2022,87.9684,1.0816,1.1184,1.0672,0.3076,10.5023,1.0555,1.0545,2.3916,0,0.7714282744282744
600606.SH,绿地控股,2023,87.8422,1.1017,-11.1772,0.0785,0.2816,11.0828,-3.0879,-3.0873,0.1402,1,0.8888960498960499
600606.SH,绿地控股,2024,89.1626,1.0683,-21.546,-0.6693,0.21,9.0806,-8.2018,-8.1926,-0.9345,1,0.9215259875259875
600622.SH,光大嘉宝,2020,70.6448,1.5385,6.3159,3.6167,0.1264,48.4806,9.6193,9.6193,2.3563,0,0.5135883575883575
600622.SH,光大嘉宝,2021,73.1174,1.2419,5.2997,3.0099,0.1182,48.3825,5.4573,5.4573,1.8071,0,0.6096403326403326
600622.SH,光大嘉宝,2022,69.9422,1.139,0.8199,2.8315,0.1696,33.5866,1.2623,1.2623,1.4991,1,0.6496798336798336
600622.SH,光大嘉宝,2023,73.71,0.685184,-35.5242,-4.3728,0.1596,30.8155,-44.5724,-44.5724,-2.681,1,0.8381621621621622
600622.SH,光大嘉宝,2024,77.3796,0.685184,-33.3248,-3.7397,0.0779,37.91,-77.6802,-77.6802,-1.7871,1,0.8745176715176715
600638.SH,新黄浦,2020,77.5662,1.4923,6.4135,2.3069,0.0757,32.7907,26.3868,23.6502,18.0392,0,0.4702619542619543
600638.SH,新黄浦,2022,81.2983,1.2228,1.2918,0.6469,0.2056,9.3876,1.5052,1.3751,11.8438,0,0.6015155925155924
600638.SH,新黄浦,2023,77.1662,1.2025,1.4093,1.3537,0.1519,18.3764,3.6279,3.2541,2.3773,0,0.6846029106029106
600638.SH,新黄浦,2024,75.2214,1.2073,1.8305,2.077,0.1618,20.6514,6.3372,5.7974,2.8233,0,0.6325384615384615
600639.SH,浦东金桥,2020,63.4317,1.1186,10.7105,5.811,0.1315,52.8304,30.6311,30.6311,14.0781,0,0.3692889812889813
600639.SH,浦东金桥,2021,62.3874,0.9656,14.0524,7.5996,0.1459,68.3764,34.1161,34.1161,8.862,0,0.3881767151767152
600639.SH,浦东金桥,2022,55.8374,1.3518,12.5925,6.9641,0.149,68.542384,30.7169,30.7169,8.6245,0,0.3215093555093555
600639.SH,浦东金桥,2023,57.3211,2.0922,13.5101,7.5443,0.1772,68.0807,27.3075,27.3075,3.541,0,0.2821185031185031
600639.SH,浦东金桥,2024,61.3639,1.9611,6.9976,4.0321,0.0616,50.9747,35.8934,35.8934,4.0628,0,0.3377525987525987
600648.SH,外高桥,2020,71.4073,1.0861,6.7109,3.9919,0.2758,31.2883,7.5802,7.5297,2.3943,0,0.5782079002079002
600648.SH,外高桥,2021,72.2372,1.0751,8.276,4.4596,0.2156,31.3871,10.87,10.6978,2.9574,0,0.5618191268191268
600648.SH,外高桥,2022,70.5068,0.9942,10.4785,5.1233,0.217,33.7135,13.8497,13.6346,3.5123,0,0.5150686070686071
600648.SH,外高桥,2023,71.2237,1.1224,7.5649,3.8937,0.1782,35.5172,12.4302,12.2284,2.8441,0,0.5431247401247401
600648.SH,外高桥,2024,70.8492,0.8315,7.4406,3.925,0.1596,31.6017,13.5778,13.3189,2.8342,0,0.559047817047817
600649.SH,城投控股,2020,65.2992,1.8977,3.9228,2.6999,0.1295,15.4858,11.7195,11.7195,1.603,0,0.46119126819126816
600649.SH,城投控股,2021,67.688,2.1248,4.521,2.9214,0.141,22.4899,9.7611,9.7611,1.2969,1,0.4687525987525988
600649.SH,城投控股,2022,69.7438,3.896775999999999,3.8108,2.7671,0.1208,9.8572,9.2509,9.2509,4.5879,0,0.3452785862785863
600649.SH,城投控股,2023,72.2987,2.9214,2.0023,1.5768,0.034684,40.2868,13.5905,13.5905,1.9104,0,0.4848212058212058
600649.SH,城投控股,2024,74.3053,2.0923,1.164,1.4142,0.116,14.5379,2.2386,2.2386,1.8041,0,0.5525904365904366
600657.SH,信达地产,2020,74.3202,1.6234,6.6822,4.1321,0.2682,30.0048,6.7448,6.7448,1.2571,1,0.5843367983367983
600657.SH,信达地产,2021,71.6449,1.8316,3.4728,2.8869,0.244,19.3138,3.822,3.822,0.9959,1,0.5613367983367983
600657.SH,信达地产,2022,71.6119,1.8141,2.2896,3.1949,0.2082,25.2046,3.1512,3.1512,1.2233,1,0.5625114345114345
600657.SH,信达地产,2023,69.4252,2.1673,2.0692,2.5321,0.1335,27.057,5.2689,5.2689,0.9456,1,0.5216964656964657
600657.SH,信达地产,2024,66.0672,1.7756,-3.2346,0.8962,0.1009,30.2543,-10.0734,-10.0734,0.3622,1,0.5875904365904365
600658.SH,电子城,2020,59.2061,2.2397,7.6567,5.9201,0.2355,44.2929,14.4728,14.4728,4.482,0,0.28575051975051974
600658.SH,电子城,2021,66.2458,1.6347,0.4551,1.9577,0.1,43.5829,3.9316,3.9316,1.4014,1,0.5567276507276507
600658.SH,电子城,2022,62.6746,1.3074,8.209,4.3135,0.242,35.688,11.6125,11.6125,4.4107,0,0.4232494802494803
600658.SH,电子城,2023,59.8656,2.2527,-2.3821,0.7675,0.1397,22.4753,-5.5809,-5.5809,0.5758,1,0.5032453222453223
600658.SH,电子城,2024,63.9602,1.843,-23.9936,-4.6816,0.1161,35.6889,-74.5757,-74.5757,-3.4403,1,0.6268316008316008
600663.SH,陆家嘴,2020,66.6738,1.0069,20.9043,7.9967,0.1502,68.542384,34.6357,34.6357,4.2171,0,0.4491725571725572
600663.SH,陆家嘴,2021,68.2185,1.008,20.1265,7.0854,0.1248,68.542384,36.1567,36.1567,7.1967,0,0.4257401247401248
600663.SH,陆家嘴,2022,70.0398,1.1021,4.9194,2.7788,0.0954,41.2243,12.4204,12.4204,2.4215,0,0.5725550935550935
600663.SH,陆家嘴,2023,71.142,1.0889,4.9398,2.8501,0.0741,58.423,15.4186,15.4186,2.6542,0,0.5713201663201662
600663.SH,陆家嘴,2024,69.7837,1.1385,6.3698,2.3874,0.0907,44.0292,12.2502,12.2502,1.7234,0,0.5828149688149689
600665.SH,天地源,2021,88.9894,1.3855,9.3368,1.6983,0.1846,22.663,6.0303,6.0303,11.9648,0,0.556943866943867
600665.SH,天地源,2022,87.2778,1.4456,8.0189,2.7532,0.2587,24.7888,6.6397,6.6397,19.8454,0,0.5208939708939709
600665.SH,天地源,2023,86.6798,1.5033,-9.4258,0.024,0.3049,12.4561,-2.6465,-2.6465,0.1102,1,0.8253596673596674
600665.SH,天地源,2024,86.6887,1.5612,-30.1269,-0.5694,0.3377,13.636,-9.0561,-9.0561,-1.2741,1,0.8454199584199584
600675.SH,中华企业,2020,64.6076,1.7242,8.9197,5.4613,0.2239,42.6921,17.1727,17.1727,13.1179,0,0.29395010395010396
600675.SH,中华企业,2021,68.5906,1.9378,5.1527,4.5721,0.1854,48.5153,12.3156,12.3156,7.5438,0,0.35006652806652805
600675.SH,中华企业,2022,71.9819,1.8117,0.1499,1.3749,0.0461,28.3983,5.6562,5.6562,1.6975,0,0.574008316008316
600675.SH,中华企业,2023,71.4704,1.7457,3.6929,3.0592,0.2217,30.2329,3.4498,3.4498,2.3333,0,0.5118523908523909
600675.SH,中华企业,2024,70.1238,2.412,-2.1722,1.9998,0.1189,32.5212,0.9627,0.9627,1.6727,0,0.5124989604989605
600683.SH,京投发展,2020,83.1151,2.4755,10.9487,3.3221,0.1847,28.2137,11.9957,11.9957,9.785,0,0.41558835758835755
600683.SH,京投发展,2021,76.1564,1.8456,4.2311,1.4385,0.1401,21.2862,4.9186,4.9186,21.4571,0,0.4023139293139293
600683.SH,京投发展,2023,84.1167,3.071,-7.8864,-1.8935,0.1861,7.5963,-9.8749,-9.8749,-17.6558,1,0.7506548856548856
600683.SH,京投发展,2024,87.796,3.21,-14.7897,-1.7279,0.034684,3.70658,-80.775596,-80.775596,-4.2083,1,0.7599604989604989
600684.SH,珠江股份,2020,89.6109,1.3191,-22.1977,-0.6201,0.0916,35.0012,-24.9318,-24.9318,-0.4243,1,0.8860997920997922
600684.SH,珠江股份,2021,88.3993,1.5445,3.0751,1.4837,0.1136,39.3114,0.7061,0.7061,1.434,1,0.7211205821205822
600684.SH,珠江股份,2022,94.2491,1.3834,-127.365696,-5.4515,0.1199,13.3999,-55.8806,-55.8806,-5.5941,1,0.9285405405405405
600684.SH,珠江股份,2023,84.1171,1.0757,-16.1115,0.8955,0.1906,16.7539,-0.4651,-0.4651,1.283,1,0.8444054054054053
600684.SH,珠江股份,2024,71.654,1.1585,3.4462,2.6605,0.5499639999999999,20.1713,1.2873,1.2873,2.7532,0,0.5816819126819127
600692.SH,亚通股份,2020,66.3729,1.3501,6.8952,3.8051,0.3718,16.5642,6.5206,6.5206,10.6034,0,0.3944636174636174
600692.SH,亚通股份,2021,62.7475,1.5161,5.0492,2.2576,0.5499639999999999,8.538,3.0022,3.0022,9.8014,0,0.361016632016632
600692.SH,亚通股份,2022,66.5491,1.7171,0.4946,0.856,0.4386,8.1174,0.6302,0.6302,2.9699,0,0.48197713097713096
600692.SH,亚通股份,2023,52.071,1.6684,0.2494,1.3251,0.4201,7.8032,-0.2634,-0.2634,1.2343,1,0.5041559251559251
600692.SH,亚通股份,2024,72.528,1.2095,0.682,0.3259,0.1619,5.4701,1.057,1.057,1.222,1,0.6932993762993763
600708.SH,光明地产,2020,83.4277,1.5191,0.7564,1.3181,0.1722,19.1873,0.8868,0.8868,2.5053,0,0.6914532224532225
600708.SH,光明地产,2021,81.6913,1.5764,0.5302,2.1667,0.3167,17.2186,1.799,1.799,2.602,0,0.6677609147609147
600708.SH,光明地产,2022,82.589,2.1892,0.4391,1.5856,0.2318,18.3672,1.0441,1.0441,2.0239,0,0.6366465696465696
600708.SH,光明地产,2023,81.9202,2.4143,0.3131,1.5584,0.1312,17.5936,1.3396,1.3396,1.3737,1,0.6472453222453223
600708.SH,光明地产,2024,82.6399,2.7463,-9.1863,-0.246,0.0901,7.6704,-17.9459,-17.9459,-0.1814,1,0.7075654885654885
600716.SH,凤凰股份,2021,26.6515,3.896775999999999,0.614,0.5985,0.0532,28.384,7.9296,7.9296,11.7266,0,0.17095218295218295
600716.SH,凤凰股份,2022,37.1044,2.8176,-7.1887,-4.3768,0.0759,26.376,-64.4147,-64.4147,-20.287831999999998,1,0.4908794178794178
600716.SH,凤凰股份,2023,35.0298,2.6837,0.1497,0.965,0.0806,24.7139,1.1865,1.1865,1.7249,0,0.36351351351351346
600716.SH,凤凰股份,2024,32.1395,2.987,-3.5156,-1.5391,0.1103,13.5562,-21.1478,-21.1478,-3.3075,1,0.44955717255717254
600736.SH,苏州高新,2020,71.6648,1.9063,3.2156,1.7196,0.1971,15.9121,3.734,3.734,2.5003,0,0.49143035343035346
600736.SH,苏州高新,2021,74.715,1.9268,4.3535,1.9469,0.2048,17.2368,4.0287,4.0287,2.5214,0,0.5082328482328482
600736.SH,苏州高新,2022,74.2773,2.3476,3.2977,2.0894,0.1696,15.6205,4.746,4.746,2.3711,0,0.488093555093555
600736.SH,苏州高新,2023,75.1445,2.4634,2.0457,1.1172,0.1145,13.1062,2.281,2.281,1.5533,0,0.541099792099792
600736.SH,苏州高新,2024,73.4578,2.4488,1.2874,1.3005,0.0994,17.7571,1.7933,1.7933,1.5728,0,0.5296361746361746
600743.SH,华远控股,2020,84.5048,1.4175,4.8138,1.1111,0.1287,27.1652,3.6198,3.6198,20.2622,0,0.5347006237006237
600743.SH,华远控股,2021,81.4595,1.522,-7.1016,-0.933,0.2323,17.3024,-6.9646,-6.9646,-20.287831999999998,1,0.8479293139293138
600743.SH,华远控股,2022,85.8687,1.5127,-46.2092,-7.553444,0.2169,7.4045,-46.2132,-46.2132,-20.287831999999998,1,0.8975904365904366
600743.SH,华远控股,2023,88.5481,0.9898,-32.3116,-1.8502,0.4262,14.8115,-8.9401,-8.9401,-3.8436,1,0.9532494802494803
600743.SH,华远控股,2024,68.1568,3.8188,-78.5853,-4.4657,0.2835,15.5645,-30.9283,-30.9283,-1.2094,1,0.5742494802494802
600748.SH,上实发展,2020,69.9013,1.8858,5.3263,2.6137,0.1612,36.8581,7.5679,7.5679,11.4798,0,0.34766320166320164
600748.SH,上实发展,2021,71.8707,1.8739,1.7188,2.608,0.2476,49.1221,0.7791,0.7791,77.8806,0,0.36463825363825364
600748.SH,上实发展,2022,75.719,1.3937,1.226,0.9095,0.1236,21.4477,1.1899,1.1899,3.4997,0,0.6011039501039501
600748.SH,上实发展,2023,63.2105,1.7037,1.2882,4.0264,0.2591,39.4087,5.1182,5.1182,4.7098,0,0.41086486486486484
600748.SH,上实发展,2024,57.4677,3.5108,-2.7612,0.6015,0.0815,26.6901,-12.8159,-12.8159,0.5369,1,0.4634927234927235
600773.SH,西藏城投,2020,75.33,2.1563,3.1429,1.681,0.131,34.0503,5.713,5.713,6.455,0,0.4343866943866944
600773.SH,西藏城投,2021,74.8379,1.916,3.2547,2.2352,0.1728,29.8136,4.4308,4.4308,3.2372,0,0.5046590436590437
600773.SH,西藏城投,2022,73.516,1.541,3.1403,2.2421,0.1722,31.4602,1.9445,1.9445,1.9175,0,0.586060291060291
600773.SH,西藏城投,2023,72.8135,1.4137,1.6305,1.4485,0.1745,33.5544,-0.1721,-0.1721,1.4104,1,0.6358045738045739
600773.SH,西藏城投,2024,60.7147,1.6069,0.2894,1.2712,0.0934,17.3294,-3.2023,-3.2023,1.4133,1,0.5332598752598752
600791.SH,京能置业,2020,79.0055,2.1137,-3.145,0.0128,0.034684,53.9078,-23.3962,-23.3962,0.0301,1,0.6947962577962578
600791.SH,京能置业,2021,80.159,1.4539,0.2453,1.1961,0.108,28.3241,2.6118,2.6118,2.2052,0,0.7082016632016632
600791.SH,京能置业,2022,71.5434,2.5784,0.5509,1.4527,0.298,12.5709,2.112,2.112,7.2873,0,0.3924074844074844
600791.SH,京能置业,2023,84.2128,2.1908,-15.5911,-2.0703,0.2195,7.3026,-13.9708,-13.9708,-1.4173,1,0.7562079002079001
600791.SH,京能置业,2024,88.348,1.9746,-9.6002,1.2207,0.2668,18.2255,-3.0117,-3.0117,0.6191,1,0.7607006237006236
600848.SH,上海临港,2020,57.7381,1.4214,10.0463,6.3823,0.0987,57.0243,41.501,41.501,7.4409,0,0.32909771309771313
600848.SH,上海临港,2021,59.4476,1.5828,10.2674,6.4825,0.1377,59.8923,29.6603,29.6603,6.0607,0,0.32134511434511437
600848.SH,上海临港,2022,58.6553,1.5707,6.2301,3.9723,0.1038,54.7405,22.4452,22.4452,4.7935,0,0.3618794178794179
600848.SH,上海临港,2023,66.9063,1.7344,6.8233,3.577,0.0957,50.5659,20.352,20.352,4.7395,0,0.3807754677754678
600848.SH,上海临港,2024,65.7442,2.0573,6.8082,4.2499,0.1351,45.0914,16.0344,16.0344,3.8496,0,0.3535176715176715
600895.SH,张江高科,2020,55.7838,1.1284,18.1205,9.1514,0.034684,55.1067,54.27930399999996,54.20573599999996,6.9276,0,0.3469106029106029
600895.SH,张江高科,2021,61.0548,1.4666,6.8265,3.5846,0.0599,68.542384,30.9152,30.9152,3.2763,0,0.4242993762993763
600895.SH,张江高科,2022,64.2137,1.1256,7.2749,3.4405,0.0477,62.0932,41.3089,41.3089,2.3391,0,0.5189022869022869
600895.SH,张江高科,2023,68.6014,1.3793,7.849,3.7768,0.0432,58.0434,46.4347,46.4347,2.5374,0,0.4973326403326404
600895.SH,张江高科,2024,69.0357,1.3902,7.2243,3.2543,0.0359,56.7708,50.1378,50.1378,2.3229,0,0.5238336798336797
601155.SH,新城控股,2020,84.7256,1.1067,23.260623999999996,4.6056,0.291,23.4979,11.3186,11.3186,1.9587,0,0.6795966735966736
601155.SH,新城控股,2021,81.822,1.0696,22.9263,3.5852,0.3139,20.4453,8.179,8.179,21.3632,0,0.5122910602910603
601155.SH,新城控股,2022,80.4631,0.9638,2.3467,1.1481,0.2327,20.0341,1.3732,1.3732,2.2074,0,0.739035343035343
601155.SH,新城控股,2023,76.9042,0.9244,1.233,1.6757,0.2865,19.0534,0.4696,0.4696,2.3504,0,0.7124615384615384
601155.SH,新城控股,2024,73.0877,0.9102,1.2442,1.7181,0.2613,19.8038,0.809,0.809,1.5296,0,0.6939147609147609
601512.SH,中新集团,2020,41.7251,2.1196,12.341,8.575,0.1397,64.1926,47.4126,47.4126,11.1112,0,0.17223492723492725
601512.SH,中新集团,2021,44.4209,2.022,13.1056,9.2725,0.142,59.871,50.9597,50.9597,9.5367,0,0.19675883575883577
601512.SH,中新集团,2022,44.4439,2.1959,12.6068,9.7487,0.1532,57.5551,46.0407,46.0407,7.8468,0,0.1877920997920998
601512.SH,中新集团,2023,45.4658,2.1866,9.8859,6.488,0.1084,50.7756,41.8415,41.8415,7.3742,0,0.20310602910602912
601512.SH,中新集团,2024,45.6958,1.8034,4.4454,2.9484,0.0763,50.4006,23.2372,23.2372,3.5019,0,0.3273430353430353
601588.SH,北辰实业,2020,77.1769,1.7954,1.5746,1.6136,0.1997,23.9586,3.2006,3.2006,0.7309,1,0.6651164241164241
601588.SH,北辰实业,2021,75.7739,1.7068,1.2469,1.3435,0.266,20.5257,0.4488,0.4488,0.6433,1,0.6631787941787942
601588.SH,北辰实业,2022,76.2788,1.7365,-11.1564,-0.9009,0.1767,20.5496,-12.725,-12.725,-0.4326,1,0.7214823284823284
601588.SH,北辰实业,2023,72.3792,2.1775,0.5311,1.9855,0.2551,27.3799,-0.4027,-0.4027,0.9155,1,0.5817858627858628
601588.SH,北辰实业,2024,75.9071,2.2791,-25.0832,-4.3233,0.1361,26.0841,-47.8256,-47.8256,-2.0492,1,0.691047817047817
